{
  "ai_performance": {
    "scores": [
      23,
      14,
      52,
      49,
      51,
      46,
      43,
      42,
      40,
      55,
      44,
      35,
      36,
      35,
      33,
      49,
      60,
      29,
      30,
      42,
      47,
      62,
      42,
      50,
      51,
      42,
      48,
      54,
      15,
      49
    ],
    "steps": [
      565,
      349,
      1278,
      1356,
      1331,
      1225,
      1177,
      973,
      856,
      1409,
      1146,
      850,
      865,
      792,
      769,
      1199,
      1525,
      670,
      661,
      943,
      1185,
      1576,
      1022,
      1299,
      1294,
      983,
      1162,
      1382,
      346,
      1206
    ],
    "avg_score": 42.266666666666666,
    "avg_steps": 1206.0,
    "max_score": 62
  },
  "human_performance": {
    "scores": [
      2,
      2,
      6,
      3,
      16,
      10,
      2,
      34,
      28,
      6,
      3,
      6,
      0,
      0,
      20,
      2,
      16,
      1,
      2,
      24,
      0,
      2,
      0,
      17,
      4,
      2,
      45,
      0,
      0,
      10
    ],
    "steps": [
      63,
      86,
      165,
      73,
      518,
      356,
      42,
      970,
      602,
      158,
      132,
      278,
      6,
      4,
      777,
      251,
      559,
      92,
      80,
      988,
      4,
      57,
      3,
      404,
      191,
      139,
      1774,
      8,
      2,
      275
    ],
    "avg_score": 8.766666666666667,
    "avg_steps": 301.9,
    "max_score": 45
  },
  "comparison": {
    "ai_avg_score": 42.266666666666666,
    "human_avg_score": 8.766666666666667,
    "t_test": {
      "statistic": 11.185802232224932,
      "p_value": 4.146553756472707e-16
    },
    "u_test": {
      "statistic": 864.0,
      "p_value": 9.179213983049024e-10
    },
    "is_significant": true,
    "better_performer": "AI"
  },
  "timestamp": "2025-05-15 12:30:12"
}