{
  "ai_performance": {
    "scores": [
      47.0,
      45.0,
      45.0,
      50.0,
      48.0,
      56.0,
      38.0,
      57.0,
      18.0,
      43.0,
      36.0,
      51.0,
      50.0,
      47.0,
      27.0,
      50.0,
      37.0,
      17.0,
      48.0,
      14.0,
      36.0,
      47.0,
      31.0,
      41.0,
      56.0,
      47.0,
      31.0,
      18.0,
      44.0,
      51.0
    ],
    "steps": [
      1143.0,
      1092.0,
      1097.0,
      1211.0,
      1139.0,
      1454.0,
      958.0,
      1501.0,
      392.0,
      1022.0,
      854.0,
      1248.0,
      1174.0,
      1250.0,
      661.0,
      1223.0,
      1032.0,
      381.0,
      1161.0,
      267.0,
      910.0,
      1159.0,
      749.0,
      1075.0,
      1436.0,
      1151.0,
      796.0,
      373.0,
      1158.0,
      1386.0
    ],
    "avg_score": 40.86666666666667,
    "avg_steps": 1015.1,
    "max_score": 57.0
  },
  "human_performance": {
    "scores": [
      2,
      2,
      6,
      3,
      16,
      10,
      2,
      34,
      28,
      6,
      3,
      6,
      20,
      2,
      16,
      2,
      24,
      2,
      17,
      4,
      2,
      45,
      10,
      8,
      9,
      23,
      16,
      6,
      46,
      41
    ],
    "steps": [
      63,
      86,
      165,
      73,
      518,
      356,
      42,
      970,
      602,
      158,
      132,
      278,
      777,
      251,
      559,
      80,
      988,
      57,
      404,
      191,
      139,
      1774,
      275,
      259,
      210,
      449,
      479,
      166,
      1991,
      1429
    ],
    "avg_score": 13.7,
    "avg_steps": 464.03333333333336,
    "max_score": 46
  },
  "comparison": {
    "ai_avg_score": 40.86666666666667,
    "human_avg_score": 13.7,
    "t_test": {
      "statistic": 8.215230107003837,
      "p_value": 2.6715700843736744e-11
    },
    "u_test": {
      "statistic": 829.0,
      "p_value": 2.100183721353257e-08
    },
    "is_significant": true,
    "better_performer": "AI"
  },
  "timestamp": "2025-05-15 13:03:16"
}