{
  "ai_performance": {
    "scores": [
      14.0,
      47.0,
      41.0,
      54.0,
      51.0,
      43.0,
      66.0,
      6.0,
      52.0,
      34.0,
      41.0,
      31.0,
      11.0,
      44.0,
      67.0,
      38.0,
      26.0,
      54.0,
      42.0,
      6.0,
      52.0,
      42.0,
      52.0,
      46.0,
      49.0,
      55.0,
      37.0,
      66.0,
      24.0,
      56.0,
      32.0,
      28.0,
      68.0,
      34.0
    ],
    "steps": [
      245.0,
      1204.0,
      1091.0,
      1329.0,
      1329.0,
      1091.0,
      2000.0,
      102.0,
      1277.0,
      763.0,
      920.0,
      709.0,
      184.0,
      1001.0,
      1848.0,
      887.0,
      580.0,
      1444.0,
      1023.0,
      99.0,
      1316.0,
      1006.0,
      1278.0,
      1080.0,
      1131.0,
      1365.0,
      825.0,
      1714.0,
      538.0,
      1383.0,
      729.0,
      649.0,
      1888.0,
      864.0
    ],
    "avg_score": 41.44117647058823,
    "avg_steps": 1026.235294117647,
    "max_score": 68.0
  },
  "human_performance": {
    "scores": [
      2,
      2,
      6,
      3,
      16,
      10,
      2,
      34,
      28,
      6,
      3,
      6,
      20,
      2,
      16,
      2,
      24,
      2,
      17,
      4,
      2,
      45,
      10,
      8,
      9,
      23,
      16,
      6,
      46,
      41,
      8,
      2,
      47,
      5
    ],
    "steps": [
      63,
      86,
      165,
      73,
      518,
      356,
      42,
      970,
      602,
      158,
      132,
      278,
      777,
      251,
      559,
      80,
      988,
      57,
      404,
      191,
      139,
      1774,
      275,
      259,
      210,
      449,
      479,
      166,
      1991,
      1429,
      220,
      93,
      1772,
      173
    ],
    "avg_score": 13.911764705882353,
    "avg_steps": 475.8529411764706,
    "max_score": 47
  },
  "comparison": {
    "ai_avg_score": 41.44117647058823,
    "human_avg_score": 13.911764705882353,
    "t_test": {
      "statistic": 7.365727764232494,
      "p_value": 3.61052325447951e-10
    },
    "u_test": {
      "statistic": 1024.0,
      "p_value": 4.452834460305996e-08
    },
    "is_significant": true,
    "better_performer": "AI"
  },
  "timestamp": "2025-05-15 13:37:32"
}