{
  "ai_performance": {
    "scores": [
      43.0,
      41.0,
      39.0,
      48.0,
      34.0,
      37.0,
      49.0,
      43.0,
      61.0,
      42.0,
      56.0,
      46.0,
      44.0,
      55.0,
      31.0,
      37.0,
      55.0,
      18.0,
      43.0,
      42.0,
      42.0,
      40.0,
      53.0,
      61.0,
      55.0,
      48.0,
      53.0,
      61.0,
      57.0,
      51.0,
      47.0,
      42.0,
      49.0,
      48.0
    ],
    "steps": [
      1079.0,
      1032.0,
      958.0,
      1144.0,
      846.0,
      801.0,
      1230.0,
      1103.0,
      1559.0,
      1013.0,
      1425.0,
      1170.0,
      1072.0,
      1371.0,
      840.0,
      894.0,
      1570.0,
      377.0,
      1121.0,
      1061.0,
      1001.0,
      1012.0,
      1289.0,
      1600.0,
      1521.0,
      1163.0,
      1489.0,
      1578.0,
      1428.0,
      1257.0,
      1255.0,
      1104.0,
      1303.0,
      1084.0
    ],
    "avg_score": 46.205882352941174,
    "avg_steps": 1169.1176470588234,
    "max_score": 61.0
  },
  "human_performance": {
    "scores": [
      2,
      2,
      6,
      3,
      16,
      10,
      2,
      34,
      28,
      6,
      3,
      6,
      20,
      2,
      16,
      2,
      24,
      2,
      17,
      4,
      2,
      45,
      10,
      8,
      9,
      23,
      16,
      6,
      46,
      41,
      8,
      2,
      47,
      5
    ],
    "steps": [
      63,
      86,
      165,
      73,
      518,
      356,
      42,
      970,
      602,
      158,
      132,
      278,
      777,
      251,
      559,
      80,
      988,
      57,
      404,
      191,
      139,
      1774,
      275,
      259,
      210,
      449,
      479,
      166,
      1991,
      1429,
      220,
      93,
      1772,
      173
    ],
    "avg_score": 13.911764705882353,
    "avg_steps": 475.8529411764706,
    "max_score": 47
  },
  "comparison": {
    "ai_avg_score": 46.205882352941174,
    "human_avg_score": 13.911764705882353,
    "t_test": {
      "statistic": 11.152299105101726,
      "p_value": 7.898590381818438e-17
    },
    "u_test": {
      "statistic": 1092.0,
      "p_value": 2.8554224136047065e-10
    },
    "is_significant": true,
    "better_performer": "AI"
  },
  "timestamp": "2025-05-21 13:26:34"
}